{"cameraMode":{"drawMode":0,"name":"Shaded","section":"Shading Mode"},"sceneLighting":true,"audioPlay":false,"sceneViewState":{"m_AlwaysRefresh":false,"showFog":true,"showSkybox":false,"showFlares":true,"showImageEffects":true,"showParticleSystems":true,"showVisualEffectGraphs":true,"m_FxEnabled":true},"in2DMode":false,"pivot":{"x":0.3400001525878906,"y":5.023499965667725,"z":-0.309999942779541},"rotation":{"x":0.24206452071666718,"y":0.007276877295225859,"z":-0.0018155183643102646,"w":0.9702320694923401},"size":14.521286964416504,"orthographic":false}